date,wind_speed,temperature,precipitation,runoff,snowmelt,sam,oni,iod
1979-01-01,3.5911889144699267,20.30060808043662,33.12750800059118,4.7718231805014115,0.00794150212117715,0.74,0.03,0.317
1979-02-01,4.052137401022195,19.015505879204877,13.530812496407949,2.303861684738192,0.008822354336887063,-0.9,0.07,-0.158
1979-03-01,2.6680877696755827,15.47625468117661,31.482285553359116,2.530780951669195,0.20118037508760625,1.51,0.2,-0.034
1979-04-01,2.939222661658343,12.290993495554755,11.758993406807413,1.7876308914806065,0.1714878517195717,-0.49,0.28,-0.207
1979-05-01,4.3992435292537255,7.483713228922506,74.61440213242435,12.95891420471404,18.36919428885945,1.54,0.23,-0.444
1979-06-01,5.418746081102052,5.016111072469398,38.053717736201484,14.461717614392084,17.02709782450323,2.52,0.05,0.108
1979-07-01,4.16687671937697,5.541816360740841,67.01822087297471,19.410503281553684,20.859196380605315,3.14,0.04,-0.315
1979-08-01,4.802783462172291,6.330473272968847,91.54766193708731,40.70855815195169,37.55745144917139,1.39,0.17,-0.226
1979-09-01,4.280102176240086,6.910609592155355,44.095440405635074,21.879376290068937,19.075464911784593,-0.02,0.33,-0.28
1979-10-01,4.827402943723235,10.290414466030072,52.79192834143335,24.935239572012044,32.35769484355197,0.54,0.45,-0.314
1979-11-01,3.365647916906131,13.289790821076533,53.537425574680064,33.46162456625778,23.929979798222966,-1.26,0.52,-0.251
1979-12-01,3.7873049106317502,17.528253934893467,40.71842429059095,23.428043211754723,10.202940017280225,-1.88,0.64,-0.101
1980-01-01,4.701617603745053,20.24884572533696,12.089784769722247,6.632237294327219,0.5354950415697672,0.01,0.59,-0.158
1980-02-01,4.873536412302148,17.933317583762133,53.97216066892685,8.169300144537605,0.24140008135116803,-1.75,0.46,-0.2
1980-03-01,4.456261263965919,16.443425643131437,26.903456417950427,5.9804606571104895,0.2620222258870071,-2.58,0.34,-0.417
1980-04-01,3.035871048738244,8.56012711984458,88.99751476594417,13.565361443555581,21.200631244318327,-1.77,0.38,-0.095
1980-05-01,4.72896438672886,7.439132903137414,86.20262470234438,35.441920470593416,28.41346150314094,-0.51,0.48,-0.066
1980-06-01,4.643077654143431,4.278663945650993,53.96839620630804,26.06200737333489,21.680171371779615,3.19,0.46,-0.382
1980-07-01,3.825815329628682,3.476064286003273,60.431737918273676,20.94341353916397,20.12935685633427,-1.68,0.25,-0.661
1980-08-01,5.330571036041254,6.4205024235866475,57.093220725754485,25.860176976380686,29.30687349810486,-1.68,0.03,-0.822
1980-09-01,4.273905015985639,9.301313211534373,24.379973780473655,21.607188270980362,20.891903764454735,-2.56,-0.07,-0.745
1980-10-01,3.6278715708336575,11.937020304291591,17.07247724965093,25.92317089636254,23.327117341138955,0.45,0.02,-0.657
1980-11-01,5.041666593497246,14.044222013664532,41.28077723306763,26.535289161227762,21.9251279058662,-2.09,0.11,-0.417
1980-12-01,4.8896459928734375,17.395713918650312,35.54215135497799,18.876384556684968,9.180621888499672,-0.1,-0.01,-0.483
1981-01-01,3.97062964990468,18.001665185674874,57.199810928020604,9.925060860652906,1.0621692831059302,0.84,-0.26,-0.201
1981-02-01,5.057663123279289,18.59770616646187,22.117232274248657,4.665023225378686,0.018029130759187748,1.76,-0.5,-0.024
1981-03-01,2.6158598583477053,15.218959894897525,38.28530065996418,4.459445736764039,0.30270576420938927,-2.47,-0.47,0.027
1981-04-01,2.170877402986888,11.23628623411434,50.12148035518919,5.258109300091491,0.4543468496064876,-3.52,-0.37,0.092
1981-05-01,5.3507423265971905,7.7457846874425575,108.98746428402536,39.92189004949663,32.955323552164806,0.88,-0.26,-0.018
1981-06-01,4.075699981233228,4.636467414870233,57.139476927010996,21.59710912196275,22.9301434722298,0.38,-0.29,-0.24
1981-07-01,4.179015709720184,4.447869472170532,42.34564951724557,21.281936836870187,17.994978720821763,-1.43,-0.3,-0.56
1981-08-01,5.1183607060916385,6.283204659278597,31.39492167228062,16.720232000205367,14.844108362464029,-1.99,-0.25,-0.628
1981-09-01,5.021556174765754,7.452176999464583,36.97179515184014,17.258423623883104,19.190898661602507,-1.49,-0.16,-0.757
1981-10-01,3.4100018211818313,11.839043730539016,31.36029008064618,20.622936506200254,19.532808857356972,-0.39,-0.13,-0.606
1981-11-01,4.834078902986656,14.516504554639985,31.66504786951858,17.735375715430443,10.070869583935965,2.34,-0.15,-0.328
1981-12-01,4.368032410624475,17.14912519281216,28.734637486842967,9.916081490133966,3.4714910042156957,2.21,-0.08,-0.019
1982-01-01,4.336596370082567,20.28347491128596,31.095069213316194,5.3874929904328885,0.7257831455847724,-0.77,-0.05,0.144
1982-02-01,4.059944562692247,17.183547478677166,28.46151149730484,4.028240494882235,0.2125946680674538,0.7,0.07,0.166
1982-03-01,3.754556958448682,15.666383926862187,29.075355889462507,3.8229321555836613,1.6525481398659798,4.28,0.19,0.054
1982-04-01,2.689938143287243,12.606548978884152,46.30691992904221,3.1043000111673797,0.23544521917798844,2.89,0.47,0.119
1982-05-01,4.371222873667902,8.962843486637773,63.92994449140795,14.232324725638557,14.298351765192658,-0.7,0.66,0.223
1982-06-01,3.711681913621287,1.902864118436895,83.79498909172825,20.951257595411846,20.693734239202204,2.4,0.72,0.255
1982-07-01,2.651595334426676,1.2475393704326783,85.04855459487895,25.108326431488603,46.3862046308752,0.01,0.79,0.265
1982-08-01,3.821288461598324,5.443737442293108,64.87707569623059,17.779465938884425,33.70738882127491,1.0,1.07,0.256
1982-09-01,2.816829283252784,8.28517594640053,71.4787918990242,31.02710603054673,39.49114382532257,1.56,1.58,0.442
1982-10-01,5.68856940598964,9.933261666313198,57.10779723255275,33.571719116449685,26.95916740342588,-2.14,1.97,0.623
1982-11-01,3.6914374447641984,13.350834062124452,35.89472990771899,30.786322226557896,23.812711227985343,-2.32,2.18,0.284
1982-12-01,4.410982800711364,18.43829797189558,20.87782241893865,16.499248782058174,7.376217621645438,-2.21,2.23,-0.162
1983-01-01,3.203402755023947,19.72716787842499,40.64880761033147,6.2380498041434995,0.11588861653136906,-2.44,2.18,-0.482
1983-02-01,4.435763028317144,17.9209669710692,16.51056647429983,3.2006935485297054,0.28087291392768,0.89,1.92,-0.587
1983-03-01,2.9861589128415833,15.134995547401473,60.696918978399395,3.9557100937003113,0.295871435844675,-0.71,1.54,-0.752
1983-04-01,3.8625863137756062,11.237075066541284,50.036010187703035,5.5554648427850655,2.289012347508919,-0.6,1.29,-0.556
1983-05-01,3.2662828887793025,6.921447873319402,63.64645566564832,7.353761894311569,6.233984015032213,-0.68,1.06,-0.059
1983-06-01,4.455718040964803,2.158868752690463,48.49200249206815,12.114742783485152,19.574215114231365,0.38,0.72,0.371
1983-07-01,6.002604076907984,3.603452827499777,53.55520605547591,11.876430204704887,14.812167613855863,1.63,0.31,0.525
1983-08-01,3.3515796868427437,5.5567884668709775,31.441808126521178,10.039923532314365,14.907960774236402,0.09,-0.08,0.345
1983-09-01,4.389949492571642,7.3861463780492445,38.45798379763679,11.662801710396966,17.385749727045507,-0.72,-0.46,-0.069
1983-10-01,4.137592894060163,12.12509726293295,31.09546565430918,30.48697666764719,38.12252560927289,2.05,-0.81,-0.288
1983-11-01,5.0393208986221705,16.669976637754935,8.538318381263682,25.906934223564352,14.680166185995036,3.79,-1.0,-0.343
1983-12-01,3.6067126528261184,19.814196743164732,27.435079768957625,7.086698876015367,0.04130625674598139,1.52,-0.91,-0.101
1984-01-01,5.6355822436235625,19.54565069592883,25.955813058456226,4.71762149156067,0.851270423680092,-1.96,-0.6,-0.223
1984-02-01,4.869096332607297,16.93474655473358,46.53490975516754,5.500621291537475,0.9774535435892796,-1.74,-0.42,-0.149
1984-03-01,1.5768341214901647,14.961864409911717,60.867538942343245,4.9028901995995975,1.660513547883823,-0.38,-0.34,-0.122
1984-04-01,4.364000244459819,10.350455302562724,27.46140658253933,4.081242071040537,1.6346818251831376,-0.23,-0.43,0.05
1984-05-01,5.106251703301861,5.0683403769131266,106.62681540213316,13.630174115450357,22.8618678920404,-0.33,-0.51,-0.305
1984-06-01,2.5956887416689156,0.14725826833535763,65.53531245688178,10.03005630101866,23.757680052792313,1.08,-0.45,-0.357
1984-07-01,2.2864248952559487,0.9203271359303363,73.49115087115841,15.087194856275476,22.216646431537963,-0.21,-0.3,-0.366
1984-08-01,3.016430102205787,4.321986064283812,33.02060926596443,9.280432332784414,27.34854852896311,-2.33,-0.16,-0.498
1984-09-01,2.490641066725509,8.372640118783734,61.52839032837838,24.203277511584467,36.38558557652969,-0.16,-0.24,-0.608
1984-10-01,6.242203975911112,10.914722250345022,64.08503696955461,38.411244388515186,29.178523130267074,1.06,-0.56,-0.654
1984-11-01,3.755551849164212,14.04507682140493,46.988035038177145,28.131448821629856,18.57113282499305,0.34,-0.92,-0.418
1984-12-01,3.000955374107963,15.800874567370077,40.42905286225547,12.303157000751277,2.403246893686343,-3.22,-1.14,-0.278
1985-01-01,3.6850732683449436,18.5519625270926,54.48863974856423,6.340025433697419,0.07091077130248535,-2.38,-1.04,-0.466
1985-02-01,4.465612583454042,17.554067722020925,38.998296114761374,4.567804675676456,0.2593185035217355,-0.02,-0.85,-0.627
1985-03-01,4.924950142369381,14.288474059253076,36.44056854121462,4.389982394252085,2.319740069028542,-0.08,-0.77,-0.541
1985-04-01,5.320057071273618,9.971610744398443,42.91042627141512,11.890946282535431,7.266492881383934,0.95,-0.78,-0.2
1985-05-01,5.7196598821485525,7.580513106038657,79.85470085501706,22.656974241442693,18.998829821016475,0.38,-0.78,-0.223
1985-06-01,2.3240217308403315,5.871759037305161,56.27180454842558,24.559705530528,25.792437506345973,-2.49,-0.63,-0.629
1985-07-01,2.707731120694541,4.7337866474935435,55.92402219348695,26.08201227795874,15.943525289262304,2.64,-0.49,-0.403
1985-08-01,4.633827975887845,6.036463172323218,28.327612325436398,14.251992725064571,11.379963186045071,1.26,-0.46,-0.459
1985-09-01,4.739741318724833,9.037001331777779,41.29391781844398,18.6615703845534,21.397975529747562,1.07,-0.4,-0.238
1985-10-01,1.9058463239549746,10.241056888218367,72.73193081402316,19.73813959927029,16.698455690603605,0.57,-0.35,-0.498
1985-11-01,3.091058707300599,16.174766518024274,30.97365116891423,23.050796534026777,15.617473654992716,2.28,-0.27,0.074
1985-12-01,4.179100156254982,18.09152792818353,34.6598015107611,10.393296045760907,3.146335230025932,1.9,-0.36,-0.417
1986-01-01,4.829024646358928,18.22728557124903,31.02123705186395,4.960410390668081,0.20857645828903595,0.37,-0.49,-0.113
1986-02-01,4.858347984540291,17.536315945799227,23.66583356761133,3.7025414940025705,0.1947249790218279,-4.89,-0.47,-0.135
1986-03-01,3.733937895530992,13.913072681575516,34.80109132843518,5.67830414185986,1.4179601897801726,-1.26,-0.31,-0.2
1986-04-01,4.201498334461826,10.438893928087758,54.36035948353241,10.755572981404184,8.13788882777483,-0.57,-0.2,-0.286
1986-05-01,5.126293127895259,6.956194002927146,60.49561544779384,20.830002221195308,14.707872822569657,-2.19,-0.12,-0.154
1986-06-01,5.197325267378128,4.480510844536253,64.59638279053286,23.57660075467964,21.272132984124664,-0.95,-0.04,-0.278
1986-07-01,4.6777425206823695,5.01891590939789,34.97635841946483,18.04106829137195,18.71218447012741,-0.02,0.22,-0.546
1986-08-01,3.7765698075833463,4.9400246446511495,46.40965826179905,18.95359525181896,18.579450135686216,1.68,0.44,-0.401
1986-09-01,2.940417091298268,7.819844778219144,37.84954814346723,16.810598730474354,20.46307377765015,2.72,0.71,-0.142
1986-10-01,2.356951428840952,12.088895013184219,43.87175050097112,28.358829771027132,23.764732079607214,-0.38,0.94,-0.048
1986-11-01,5.76519325502799,13.847747764744026,44.59118927498327,17.70110692743862,13.291207699259004,0.5,1.14,-0.244
1986-12-01,4.334954488603279,17.873654622723404,24.180377892201093,10.772642272453963,2.6957490492187306,1.31,1.22,-0.274
1987-01-01,4.730941985058867,19.936015587346994,21.78161169634562,4.893779899026009,0.009141554773689867,-2.51,1.23,-0.081
1987-02-01,3.0482511959900016,19.415567368013182,41.8428833934001,3.1544897725725316,0.08327160150426612,-2.49,1.19,0.041
1987-03-01,2.667205348431067,15.663773323153308,62.42263461668549,6.510373677679133,0.01795348651757457,-1.11,1.06,-0.137
1987-04-01,4.58531080278384,12.136159507664637,28.826621395887898,5.313105244728171,1.2648494993912813,-0.17,0.95,-0.157
1987-05-01,3.4832330778067817,6.106535333450775,37.96810540357859,9.086309416556293,10.259745220584929,-0.34,0.97,0.165
1987-06-01,5.986444126702202,6.398425277255284,39.82403416254376,20.20855810097178,14.027180439584685,0.18,1.22,0.109
1987-07-01,3.5283584179147898,4.887073135631603,94.38153068669904,24.76495008459367,30.27568906739158,-0.26,1.51,0.207
1987-08-01,2.527816574436633,4.369946531794188,62.80010005966829,16.308542875545424,25.886865825515496,1.79,1.7,0.297
1987-09-01,3.207884806579121,7.0208344962263265,34.891884893785054,14.801537712519442,15.854106521963429,-0.72,1.65,0.393
1987-10-01,3.386470858808287,11.613650237108367,38.43242959998276,23.29254086947495,16.94470774824588,0.78,1.48,0.255
1987-11-01,3.4738028075724836,15.88085003926169,32.70702140825736,11.899750888881714,2.974259325025547,1.77,1.25,-0.051
1987-12-01,4.399398126650752,16.860071955292565,23.758159609110997,6.4339866477472025,1.739149505350314,0.3,1.11,0.152
1988-01-01,4.91754628188687,17.8422702287,18.582953746470615,4.574059970702504,0.5983080364791051,0.13,0.81,0.353
1988-02-01,2.1655124910433794,19.77242063954029,16.4094543680357,2.2378821843900734,3.209520107137885e-05,0.12,0.54,-0.154
1988-03-01,3.6892263459438563,15.536817201701695,45.73795491289573,4.212379631815831,0.2783643075593039,-2.01,0.14,-0.313
1988-04-01,3.872704589326597,10.445949283316823,31.639751456635647,4.239342847528075,2.9134694596369095,2.11,-0.31,-0.128
1988-05-01,3.4796725940137305,6.188312492851025,19.79718986532497,6.094065962837347,2.035627636914667,-2.03,-0.88,-0.513
1988-06-01,5.391543911790503,4.761898302272526,67.19979400805794,13.693691041260713,18.644112619752484,-3.06,-1.3,-0.272
1988-07-01,3.626165618379688,2.4838624420697895,20.757188955032827,9.273941229019329,5.537041914952987,0.64,-1.3,-0.15
1988-08-01,3.481024477496909,4.606582432078772,58.60826327286996,12.720321424746851,15.872598430316692,-2.0,-1.11,-0.289
1988-09-01,2.961565181517883,7.898689927405008,49.649671960471096,12.179179105986567,19.523315203559523,-2.7,-1.19,-0.394
1988-10-01,5.133998573855248,9.802530562644993,42.501060961606775,18.506835325902177,20.918522552321086,-6.03,-1.48,-0.525
1988-11-01,5.542583784834761,15.887781226633676,13.242210041305153,21.623065121361325,15.477553689639313,1.77,-1.8,-0.183
1988-12-01,6.187737260892011,17.578648576076194,21.510273046295936,9.163515542929769,2.9242823814580476,1.88,-1.85,0.156
1989-01-01,4.682229486785133,19.244349893692785,23.750702313071933,4.8316274305866775,0.1938608552550655,-0.02,-1.69,-0.281
1989-02-01,3.3790424005286064,19.683328236401316,17.97263788762038,2.7587614969164465,0.04571758509220748,1.14,-1.43,-0.045
1989-03-01,3.511197519112228,15.465420707231774,26.18265291846767,2.8712803942714427,0.20914053144338246,0.2,-1.08,-0.319
1989-04-01,5.733936132188689,11.509555787070491,23.703616509922394,5.717799798130159,4.457182037029938,0.0,-0.83,-0.48
1989-05-01,3.427351739556967,7.49121600563641,20.119318772593633,4.267070310008353,4.614956414373404,3.73,-0.58,-0.594
1989-06-01,4.5486002314856195,5.746379264193751,67.04369883490098,14.600874325678951,15.362185595045267,2.91,-0.4,-0.78
1989-07-01,3.3453281138121196,4.214155815274986,44.741666974437656,12.503045513038865,13.061542642954276,0.88,-0.31,-0.447
1989-08-01,3.7231733134110723,5.362066469882549,64.34142414883168,15.859407266766214,18.092630922988345,-1.21,-0.27,-0.321
1989-09-01,2.650970334995899,7.565564603213898,27.6314433599637,13.768095517780143,19.257287845445724,-0.23,-0.24,-0.225
1989-10-01,3.270342624201319,12.55122731333649,27.795358310048478,22.139168959425355,23.107197890726955,-0.16,-0.22,-0.412
1989-11-01,4.917576566526006,16.143828583352974,22.872284810718792,11.541717066566632,2.6209643994902363,0.69,-0.16,-0.338
1989-12-01,6.381423364362807,17.912419369920478,49.06875423189976,15.184477190513526,5.125340592327154,-0.05,-0.05,-0.167
1990-01-01,4.44654395572695,18.55935078901506,22.676007031467748,5.9364051226383685,0.19847458591665326,-0.23,0.14,-0.099
1990-02-01,2.093483519545801,18.964511755733177,41.932347464043126,3.728115824962212,0.01340610600111578,1.95,0.21,-0.289
1990-03-01,3.392260552482664,14.573447361119067,45.191199031919226,5.313463501442352,2.8528575645416967,0.8,0.28,-0.143
1990-04-01,4.750879807439012,9.006528427956797,50.06734385061003,12.078830990838402,9.673989431211634,-3.34,0.29,-0.385
1990-05-01,4.91907474897576,6.951747488894586,55.298406814840305,16.948540412857124,10.11027783754435,-3.35,0.29,-0.348
1990-06-01,6.487196600490563,5.3236138771300805,45.804776630104236,22.16310371490384,18.259361018599574,-0.28,0.31,-0.568
1990-07-01,4.660365701535114,4.866355489754431,28.096408519451796,14.410231430673921,8.574758996064869,-1.82,0.33,-0.246
1990-08-01,4.6791208295763,6.9840505198651135,43.75191657162663,21.508472631873392,19.473864712107975,0.12,0.38,-0.392
1990-09-01,3.1847704971346538,7.578885982203247,63.93127219310888,23.196696802013577,21.573364005971644,2.08,0.39,-0.183
1990-10-01,5.209094541800425,12.56608230031087,34.023680314111225,19.973270967377566,14.507245387368433,-0.06,0.35,-0.345
1990-11-01,6.030234796774631,14.882977402960451,21.06983893474457,13.751872909887112,10.531708033760074,0.29,0.4,-0.094
1990-12-01,4.6873408026853385,17.699199738903335,21.136672840344357,10.076855508566869,3.8913681233203286,-0.2,0.41,0.003
1991-01-01,4.18060891315561,18.98281902382797,33.6626584836272,4.9028581967462195,0.10591004105864907,1.5,0.41,0.065
1991-02-01,3.521055094545725,18.33191721056067,14.783639366935148,2.9313334083473768,0.3064496345348297,-1.69,0.26,-0.097
1991-03-01,4.1060622952484565,15.653163311090701,23.64064369358928,3.5674552354967237,2.0476492686955923,1.07,0.22,-0.037
1991-04-01,4.269037893085551,11.288296429184385,43.654773241459516,6.423449652721725,4.867983309084744,-1.36,0.26,0.289
1991-05-01,4.4742620865178795,7.502111771814577,75.37160683201581,24.872230454065324,16.095830083154233,1.02,0.45,0.379
1991-06-01,3.143041889417879,3.2150937759748888,45.341154218480945,14.332532390613437,22.988430806579935,1.04,0.64,0.263
1991-07-01,4.169347193200956,2.8188238873701987,61.8735728334086,16.661973568774314,14.174414381326486,-1.56,0.73,0.27
1991-08-01,3.0632335157592627,4.097465855777594,40.18130188196486,12.366039669153558,20.709622685597232,-0.57,0.64,0.058
1991-09-01,3.957502675858871,7.821268946251264,56.16296839415653,21.47724018685066,26.669373225949876,-2.52,0.62,0.099
1991-10-01,2.731744158072457,10.10817664490737,39.27188797495346,19.64684263996079,23.70841450433845,1.3,0.79,-0.03
1991-11-01,4.00133973471478,14.980532763138456,33.566517626309995,21.404769947649545,11.994096575091154,-0.84,1.21,0.04
1991-12-01,5.890312837780207,14.560306908825037,71.42923609335041,16.87907862036466,7.20626935702376,-1.23,1.53,0.084
1992-01-01,2.8941591041032395,20.049746408639482,33.72926278419299,6.612750220673735,0.014427429392023815,0.17,1.71,-0.321
1992-02-01,4.476916890424974,16.975081057600207,41.83708040819028,4.695365432802494,1.2597077854781356,-1.89,1.63,-0.389
1992-03-01,3.0074045780235554,16.25333464051938,43.11889300288695,4.356170575657873,0.019831882744052835,-1.1,1.48,-0.671
1992-04-01,4.795089484582379,10.169561345358549,55.36730220412293,5.626002608153368,4.976995486082322,0.53,1.29,-0.553
1992-05-01,4.336075583933991,4.948575576977925,100.82759732194639,20.2794775313242,23.456038394307193,-2.19,1.06,-0.549
1992-06-01,3.2769300007376825,2.601822125799101,68.73728755758732,16.44060881146049,13.798584292029048,-3.13,0.73,-0.861
1992-07-01,2.7744670617568477,0.49292333219877793,31.573090615368024,8.302254432266846,6.904102109207232,-0.8,0.37,-0.479
1992-08-01,3.7658849947545905,5.352085782085601,32.65056163962125,9.064377203509347,18.7305102480514,-0.4,0.09,-0.768
1992-09-01,4.721805508208469,7.728794732498046,43.43168666925063,14.895203177040251,20.90675158998665,1.06,-0.13,-0.833
1992-10-01,6.979077348910077,10.549521662151378,49.38880861805822,26.889327432125413,26.879386647803635,0.7,-0.25,-0.627
1992-11-01,1.9176702959618759,13.688033982152854,62.96840989037086,29.530853899057583,24.249842220443576,1.49,-0.28,-0.399
1992-12-01,4.60967782405707,16.164731875211483,46.15437114827564,12.085008062405171,1.4670385257822494,0.58,-0.13,-0.317
1993-01-01,5.160735685160558,17.877136949900187,19.588189246253677,6.0975915146529145,0.23933365529836179,-2.17,0.09,-0.196
1993-02-01,3.0521633547727127,19.06712021370312,12.870832356027535,3.1836739128959652,0.21250961301471716,0.77,0.3,0.035
1993-03-01,3.6757201327822515,15.839680408758753,50.63815590009857,6.394149602322641,0.030000992647416794,-0.1,0.5,-0.295
1993-04-01,3.5717710820190054,10.37544094457896,54.77826373260848,10.155113176911085,6.144925210034574,1.8,0.67,-0.181
1993-05-01,4.478922568179612,5.936701688077069,63.02735006593486,19.972096435545936,15.144311209786402,2.1,0.7,-0.027
1993-06-01,3.4564700851847308,3.927984224128958,98.06448603624642,28.620796909780363,34.69004588312288,0.4,0.57,-0.108
1993-07-01,4.631417431839932,2.5893586768173176,53.39829444447784,25.497759540635375,19.20462283237659,2.82,0.32,-0.152
1993-08-01,4.871397851071289,6.538035785298386,40.25236705945913,19.167572326646514,20.14502209588862,2.69,0.25,-0.305
1993-09-01,3.1329412794018605,8.033964020788032,20.927825409744266,17.004190785227607,16.1825427999958,1.14,0.15,-0.17
1993-10-01,2.30791458385698,11.72324572885149,48.59957573440132,23.06968958123821,24.53201820321396,1.21,0.1,-0.156
1993-11-01,4.700261353375122,13.991557630143777,37.2401464158675,15.560330857370547,5.984335866476787,1.48,0.04,-0.149
1993-12-01,5.461357558399065,17.344776905553353,28.513237565386973,15.37582706473838,10.786335603570976,1.38,0.06,-0.206
1994-01-01,3.4549984865362715,19.437702831889688,24.579641728337165,5.044999811839667,0.2922151147888864,0.53,0.06,0.025
1994-02-01,4.169233598850814,17.575329260928527,19.798245726637905,3.381033505485393,0.6036854184677996,2.72,0.07,-0.146
1994-03-01,2.4947350678556957,16.102941087766663,35.78440052071162,2.827490927758707,1.4138046949120984,1.59,0.17,0.202
1994-04-01,4.199417754368969,10.631869996400715,41.839229134785526,6.2908967770802,4.8035205871602615,-0.75,0.31,0.351
1994-05-01,5.026443862938219,7.931278406180846,66.38144161476157,19.247902056050293,16.570943783280647,-1.5,0.42,0.544
1994-06-01,5.092726116358708,5.553640413643359,64.05519306443236,24.64335973233337,19.855519904081035,-2.33,0.41,0.433
1994-07-01,4.0224526325789824,3.451543413101856,64.48578853335638,22.60758815853697,17.326893261749692,-0.15,0.44,0.557
1994-08-01,4.5471346182434855,5.548658515407358,33.60805107537317,13.132456873439775,14.609456543146006,1.53,0.43,0.811
1994-09-01,4.7909108403559495,8.158279633905225,44.54811525225055,19.123635062817208,21.112438530456842,-1.22,0.55,0.529
1994-10-01,3.61549199907958,10.602203848976496,42.17836270075574,28.012905186044026,25.312384444712734,-0.47,0.74,0.707
1994-11-01,5.148592382854821,15.085075101849842,34.02434504705298,26.294163610913728,19.582678718063494,-2.43,1.01,0.287
1994-12-01,4.771526905812117,17.86840741092033,45.46812734141364,15.564808203169804,4.137615159881554,1.91,1.09,0.263
1995-01-01,4.007893861651617,17.678240335625613,24.058681421552397,6.330596021982178,0.2159878888227213,2.89,0.96,0.14
1995-02-01,2.3702909879461083,17.297261372405725,20.641126836892173,3.1409801568620623,0.21074125495139268,0.31,0.72,0.164
1995-03-01,3.599953912686079,14.636718721355667,37.21192725817992,3.1623585255524826,1.8235308128483416,-1.12,0.53,-0.05
1995-04-01,3.7806411312897,11.696583181741468,40.31831923974763,6.158435943690771,2.2124770817885375,0.74,0.3,-0.221
1995-05-01,4.846651989819376,8.02143880312051,35.633419596136726,13.414619735313384,7.978109764403462,2.64,0.14,-0.251
1995-06-01,5.4147621301441164,3.1697267879832824,83.10712194476025,23.89693300326291,23.92947564400901,-0.79,-0.03,-0.078
1995-07-01,6.549652190657578,2.2990332742237403,66.02751781797554,17.401467178883394,14.380764293997341,-4.26,-0.24,-0.169
1995-08-01,4.00937379202362,3.6377555466140414,59.13145786855404,13.105692192037576,18.32096214941401,-0.51,-0.54,-0.144
1995-09-01,4.143318109320511,8.322075354657981,18.423855447092404,17.917661413678058,20.892321898605815,3.09,-0.81,-0.18
1995-10-01,3.9197100380795873,11.087084049894697,55.96502258029156,25.29163899166098,29.19783809081531,-0.69,-0.97,-0.367
1995-11-01,3.545264557010214,15.06065100368111,31.711164998826117,20.569339139371404,9.95382698540669,0.17,-1.0,-0.294
1995-12-01,3.6060321724310467,20.26001387249448,13.994672798220721,6.206854760467803,0.06542028193839698,1.93,-0.98,0.09
1996-01-01,4.456448755968955,17.391562638431857,19.352798580450774,3.6497169786275125,0.319436727508264,0.55,-0.9,-0.021
1996-02-01,4.445157190427343,16.26577106686006,39.31547990012712,3.8021640588195846,1.397205626430208,-1.74,-0.75,-0.033
1996-03-01,4.711631128678981,16.053727681377936,27.005739761150085,3.796010988733016,1.7554170768583535,1.31,-0.59,-0.085
1996-04-01,4.237937148726923,10.351343385523908,36.056059425139736,7.577140358548018,3.348714365016496,-0.28,-0.39,-0.369
1996-05-01,4.726527875247507,8.567795583668405,35.19657725058773,10.511889057131766,7.715725930048597,1.9,-0.31,-0.266
1996-06-01,3.474166820790623,2.9903811681445207,31.86746618304363,12.360850924892677,7.153297381587467,-1.4,-0.3,-0.394
1996-07-01,2.684744815060203,4.232756729269372,23.80813545194702,9.518656565920947,11.980780501422768,0.22,-0.27,-0.643
1996-08-01,3.8186530363699345,6.381028854848701,65.72770297278161,15.260169195116378,19.97572901511523,-2.46,-0.32,-0.681
1996-09-01,4.007983070271207,9.22620414582908,19.181748456516484,14.529371397841688,12.921748932683522,-3.5,-0.35,-0.712
1996-10-01,3.8789131519274704,12.185306735780065,43.90716798968909,15.5695311527266,10.070596566101596,2.79,-0.4,-1.108
1996-11-01,6.12738821921342,15.444250761902776,29.806627798631983,11.985342257485003,4.326941207156691,-2.36,-0.45,-0.797
1996-12-01,3.88156157387384,16.555876339528833,47.84141240922401,7.37840577700786,1.391070234074968,0.03,-0.49,-0.413
1997-01-01,5.513669210056061,18.9554916517399,39.490707994599006,5.922322102129852,1.0425354304485694,2.37,-0.5,-0.11
1997-02-01,3.830224524889287,16.466951524251087,40.16104845080644,5.8085195678040416,3.4959881897312033,0.68,-0.36,0.079
1997-03-01,1.790679164750948,15.826693112732007,60.687045674737725,3.4349051651843574,0.13950785360459536,1.43,-0.1,0.043
1997-04-01,5.017797259743514,12.650530063244293,67.9147511536372,14.097251930329687,1.179147989620009,0.15,0.28,0.054
1997-05-01,2.2527401169868293,7.801821471740553,41.9590732798361,13.109704151049536,8.749060029187383,1.43,0.75,0.025
1997-06-01,3.2945762669386687,5.015023564982934,107.810068402942,24.060248406288327,19.94548976565666,0.69,1.22,0.082
1997-07-01,4.278524885058473,4.542174827889972,70.20802419247977,24.454304938822055,27.211948706602616,1.82,1.6,0.447
1997-08-01,3.8649946262959025,5.604920806737805,49.31772352743707,28.516488963262983,25.442714465306352,0.76,1.9,0.634
1997-09-01,2.7505733421672733,7.0602283642702055,53.93526667750921,22.160809177485227,19.469609717486676,0.69,2.14,0.771
1997-10-01,3.7166025461431422,10.103880506003541,64.24507823804869,24.29744362646059,20.1506015644602,-1.78,2.33,0.873
1997-11-01,4.613075565474952,13.686859997386893,42.02051040405219,19.99338006235354,11.89987050994663,-3.17,2.4,1.279
1997-12-01,3.934467499762587,16.153678793636015,39.545784946806826,10.761289937084962,2.957996799959028,-0.89,2.39,0.863
1998-01-01,5.028700562491227,18.00905132997556,24.533384645567008,5.447387257906981,0.1277107117556652,2.65,2.24,0.525
1998-02-01,1.1075959669505544,17.20778572019559,35.82752511250234,3.6113193489092317,0.0006197459157558395,0.57,1.93,0.422
1998-03-01,3.5602042238304783,14.906334015345724,23.615525549588504,3.119863508293039,0.5415761013078624,-0.05,1.44,-0.055
1998-04-01,1.328631242563073,11.194788355376755,64.20346890151471,3.711387396479768,5.5994283742625,2.89,0.99,0.047
1998-05-01,2.4002395219240276,9.090711580717308,39.069072904574675,3.909085310179953,1.5589799232519195,1.11,0.45,0.14
1998-06-01,3.0250035740629513,5.3138458076905195,28.434218001244375,5.539439406139137,6.793987412834245,1.31,-0.13,0.147
1998-07-01,6.207793622041319,6.453844687268988,40.519369097281185,12.135567965910631,14.469107015647287,2.13,-0.78,-0.385
1998-08-01,5.60416829214198,6.567477813687939,38.04972395583785,14.127165320128523,11.084202207218228,2.66,-1.12,-0.58
1998-09-01,2.7282466573504056,7.172045490488665,21.540942357194123,9.111392661757964,9.504383143967562,0.74,-1.31,-0.496
1998-10-01,5.501564113957076,13.385837340182853,14.126299795717296,13.859261375004365,14.46257691731727,-0.26,-1.35,-0.743
1998-11-01,4.099105010201608,15.366966053136405,38.25576587759613,9.698275393950901,4.510748058267774,2.84,-1.48,-0.653
1998-12-01,4.575363184244596,18.218566678775684,18.302848884353338,4.961403115643793,0.20662584733103384,2.59,-1.57,-0.336
1999-01-01,2.845880642473756,19.918057937106923,21.08589989552316,2.7526146672607354,0.10741324112398073,2.26,-1.55,-0.13
1999-02-01,3.7846428661278324,18.634098334487334,31.810105732431374,2.4869321093784875,0.6144119370589378,0.56,-1.3,-0.038
1999-03-01,1.9291217848847348,14.129374032182016,64.0222822193147,4.4482400796472685,0.5138668022694731,-1.39,-1.07,0.102
1999-04-01,2.690133994190679,10.41066443378204,45.354798189722146,2.3587711933893396,0.8479795135510908,2.44,-0.98,-0.002
1999-05-01,3.6998850686129896,7.026196334955398,42.50457656332473,4.991493285509393,8.09413937701251,2.51,-1.02,-0.186
1999-06-01,3.209913825871846,3.0385461120835586,73.93549404069829,12.757139481046622,21.009024213379444,-1.81,-1.04,-0.145
1999-07-01,4.351611258252828,3.340720066322344,40.27271519607449,10.078990495696381,15.473688044806474,0.72,-1.1,0.112
1999-08-01,4.269220713027956,6.448640132586887,54.19769946654451,22.76506599568876,21.104673789118,1.44,-1.11,0.023
1999-09-01,3.76571455242647,8.527945779740804,61.37987279019117,21.215146010617776,24.705776204069092,0.16,-1.16,-0.05
1999-10-01,2.9227144092735196,12.651083478613414,39.0115678861572,22.774447669264436,18.78452541068808,3.35,-1.26,-0.19
1999-11-01,3.322295135698548,15.318701656499005,53.32232688530801,11.109631969277007,2.4101334187755787,1.83,-1.46,-0.116
1999-12-01,4.636869033203695,17.70533809451079,26.631847173632288,5.7850616042401395,1.0018509272912248,3.12,-1.65,-0.148
2000-01-01,4.628407571309753,18.905137966025258,25.17748350139011,3.4737110017520765,0.053253387074150234,3.59,-1.66,-0.125
2000-02-01,3.5989984985533314,16.773760462639984,51.8177307327031,5.758165874611652,0.4540102484756119,2.32,-1.41,-0.009
2000-03-01,4.010371766289837,14.391397527545635,35.09015771372486,4.008940299118621,1.1463086205813808,0.74,-1.07,0.14
2000-04-01,3.6372347636619065,11.535099532908228,33.28498996991763,4.936811111446713,1.911227063810615,0.97,-0.81,0.141
2000-05-01,2.154796982521376,6.9434981806598834,47.093005581762604,7.211682468631088,6.485593420954162,1.9,-0.71,0.113
2000-06-01,4.0012301179102705,3.94155209879312,99.10515146022676,24.81455670488093,24.01105353486012,-0.31,-0.64,-0.022
2000-07-01,4.460669340520583,2.1082633808033377,55.59578600917355,14.768354079295447,18.674416342779946,0.52,-0.55,0.077
2000-08-01,4.0967477414723525,4.424112012223318,49.00058798358797,11.599575576843874,12.602059221066453,-1.22,-0.51,0.131
2000-09-01,1.993559128209562,5.030813355783399,75.85674354840747,14.430829794169396,32.20780273657574,-3.2,-0.55,-0.096
2000-10-01,3.3161037809858676,10.876509954522605,57.31131887221999,28.107626636085236,31.608280360099066,1.21,-0.63,-0.142
2000-11-01,5.214149259790469,13.264427875585818,31.086576430688694,16.752627662862764,9.900272453481213,-1.32,-0.75,-0.306
2000-12-01,7.074833734985549,16.492849767655457,22.962387214091784,9.86668509949097,2.8193027306343565,-2.05,-0.74,-0.248
2001-01-01,5.874746477205505,18.405816964115626,39.78490604453688,9.979835582672544,0.9613519186261997,1.43,-0.68,-0.431
2001-02-01,5.449544293191982,18.474318527187542,24.062170912571503,5.545154196572984,0.2673660311623089,-2.7,-0.52,-0.017
2001-03-01,3.3292738065072465,14.427777266083474,52.7184784437645,10.431591619987072,2.3297790963704084,-0.57,-0.44,-0.01
2001-04-01,4.038759173155532,10.547193029390012,38.377494218326035,5.786664393078966,3.721140815319795,3.49,-0.34,0.136
2001-05-01,3.5428055831400207,6.938099267665423,87.93643973356342,19.535900451110262,25.397839603729135,-1.75,-0.25,0.137
2001-06-01,4.370535963562339,4.782851840834611,64.6847052036707,24.517454728952014,17.041371366094815,-0.02,-0.12,0.127
2001-07-01,3.1014395879426107,1.4452156389049247,99.71531540475566,24.734280863674947,24.92056972262824,0.2,-0.08,-0.14
2001-08-01,3.708856433911969,5.7486530740426405,68.91988542377052,18.626755076964947,37.366187629956045,-0.15,-0.13,-0.301
2001-09-01,2.0134451882202775,7.644256312058765,52.03708249193584,17.132669630074297,20.170011939975186,1.46,-0.19,-0.223
2001-10-01,2.203766410033385,12.018726343051108,34.84097387093743,27.565073788949285,19.865217558476857,1.36,-0.29,-0.451
2001-11-01,5.4102737178273275,13.849596441838065,34.04584873848533,11.367560798377724,3.133420383041564,2.54,-0.35,-0.245
2001-12-01,3.3501681771358567,18.717739273409887,14.017164372451864,5.468218021137417,0.03228119007640223,1.16,-0.31,-0.051
2002-01-01,3.8104901322448965,18.953406755061298,27.06946513081276,3.7811506691265775,0.18548323434530548,2.22,-0.15,-0.142
2002-02-01,3.1156414276667976,18.90700983321446,24.769407088587904,3.4468067789478987,0.23991975035246046,2.8,0.03,-0.098
2002-03-01,4.083744733752392,13.223800923389128,53.022439816324784,7.548584913799812,3.1456340037466517,-4.42,0.09,0.008
2002-04-01,5.3443586286729365,10.613656181920339,35.614748697861195,8.762777940796022,7.5352992137594805,1.6,0.2,-0.352
2002-05-01,2.8958521923910183,6.414762395758689,91.35925046100233,17.767090503074396,22.736104944948227,-1.69,0.43,-0.329
2002-06-01,4.244891533850505,1.5296625661460805,46.607798653474525,13.182945414678974,10.88027322632822,-0.43,0.65,-0.19
2002-07-01,3.9463804255123214,4.474553656726621,32.58236258912387,12.03281237605189,16.663069603353883,-0.67,0.79,-0.26
2002-08-01,2.7442340005270367,5.5050823712697765,83.96062099063127,21.750140412586074,23.21015937807415,1.14,0.86,-0.208
2002-09-01,3.776590938102452,7.6050369490613825,56.56721865612648,19.67779387820052,19.03606376381328,-2.18,1.01,0.286
2002-10-01,6.185090119442792,10.915500862732273,78.5111687775758,44.09486309128877,33.88525587316421,-5.77,1.21,0.405
2002-11-01,5.125878638062194,13.752887378748222,45.44039118379193,34.43837799894904,25.264223872396126,0.03,1.31,0.096
2002-12-01,4.393410642768069,17.599068638453296,31.928242246643535,14.230151134364016,3.2576050194020123,1.29,1.14,-0.158
2003-01-01,5.775396468169238,18.58246857774891,24.063031842625115,7.335020793402699,0.3670533804484338,-0.52,0.92,-0.239
2003-02-01,4.89439831622851,17.75756075467803,17.332702885129088,4.4650759650682526,0.4219604152583666,-0.98,0.63,0.017
2003-03-01,2.6106424829792347,16.45547952011982,34.20603401228648,3.471608140781991,0.11571831191422223,-0.07,0.38,-0.039
2003-04-01,2.258038048712793,10.214734649132605,23.10786380365743,3.054148421992827,1.2383564297678984,2.21,-0.04,-0.099
2003-05-01,3.341038426497418,8.088757395400538,44.14993039708852,4.932707600557,6.534675436903377,1.04,-0.26,-0.164
2003-06-01,5.160457490032948,5.536209078547147,92.72096614162137,29.883008371428435,33.823068458398645,-2.52,-0.16,0.139
2003-07-01,5.386320758051683,4.505761696675709,32.972352350467254,16.843317901447527,10.702317033669107,1.2,0.08,0.131
2003-08-01,4.112662065336212,5.840166763363536,47.62102461177367,14.922127980590261,17.42668952584311,2.33,0.21,0.108
2003-09-01,4.28058210170956,8.521928903958475,43.683758631504496,21.111482365752153,21.38820296210204,-0.99,0.26,-0.061
2003-10-01,5.350242768226615,11.888558966995179,47.36735435428134,26.74170772842329,24.920277976992843,0.12,0.29,-0.243
2003-11-01,5.127415969783678,14.534037791818754,34.30556590090645,21.86982003879368,13.188928725067486,-0.15,0.35,-0.159
2003-12-01,6.3999233948570975,15.470028297786637,30.520865571286343,14.014042428591994,6.8514845182895066,-0.69,0.35,0.189
2004-01-01,3.8583394113250433,20.6179444665969,15.12592353743556,5.79480691619982,0.02336810448932255,2.56,0.37,0.044
2004-02-01,1.7340457898115464,19.276940572991336,34.10625010086404,3.1221583475541053,0.0002696443116591953,-3.33,0.31,0.114
2004-03-01,3.63034413470985,16.69717560227393,42.4647228454327,3.4938647451064684,0.11506815664717009,0.74,0.23,0.077
2004-04-01,4.952405137567289,10.931395121263797,83.94095555171108,16.13004778870969,5.909060636050909,1.2,0.17,-0.08
2004-05-01,2.053038742604595,6.1932317856294565,19.896541341743774,7.05835568344823,3.5208489267926395,-0.15,0.17,-0.565
2004-06-01,6.201165717128391,6.178559151555855,82.02554324079048,24.082424475606135,23.73456493594198,1.69,0.28,-0.384
2004-07-01,3.7065478018219733,3.761366459030092,83.28696136616092,25.3575917550957,21.568927748836714,2.52,0.47,-0.301
2004-08-01,2.5925463022557107,5.665063515010999,30.14024139203538,14.936198270396538,15.678246144474057,0.0,0.64,-0.132
2004-09-01,5.422478254672211,8.85131671118799,38.177568344785165,18.028537406667997,15.856216015187698,1.77,0.7,-0.106
2004-10-01,4.513883641463439,11.351300620602323,58.2281038954712,27.2167080982946,22.18181654247399,-0.59,0.67,-0.004
2004-11-01,2.6611685058088854,14.557352376672853,42.018780352882224,19.369249507089993,8.180646740944775,-1.18,0.66,-0.153
2004-12-01,5.286376620424037,17.593849222806703,42.97082623133157,10.334884064355139,0.5435282060116715,-1.02,0.69,-0.132
2005-01-01,5.264128257708629,18.272106531585713,20.440995271612746,5.436812432425754,0.18711346780229707,1.07,0.64,-0.124
2005-02-01,1.6700969795895286,20.053123608783427,36.53190502738574,3.1142693892183857,0.0014237399159220453,1.59,0.58,-0.56
2005-03-01,4.849587411530483,15.1607406387946,28.5167089569017,4.544475808727281,0.23434185990265513,-0.12,0.45,-0.432
2005-04-01,4.6486962393410165,10.285015516635687,22.35967900393822,4.521752820068522,5.036306435722718,3.46,0.43,0.084
2005-05-01,5.980655433710805,6.718078167837268,91.44676553619324,17.00432370093373,20.887085641621283,-0.45,0.29,-0.033
2005-06-01,4.180346877738115,3.7034674799089853,97.350233577339,19.3867228337904,32.0762875866319,-0.41,0.11,-0.176
2005-07-01,3.054518002894736,3.742337258695677,34.793571489092486,17.925093880205853,20.957063929974414,-0.5,-0.06,-0.384
2005-08-01,3.143732890199231,4.500789062806212,66.67308588780637,15.451143573784279,14.704676779277433,0.5,-0.14,-0.345
2005-09-01,2.947741188253881,8.306859733979984,21.332571922670784,15.376180282126075,21.38736547937608,0.39,-0.11,-0.534
2005-10-01,3.4981391154102606,11.011244749739708,30.51780392217255,25.627337917583073,25.28662409878449,-0.11,-0.29,-0.436
2005-11-01,5.1722037409696355,14.715844811346294,48.13932994129047,23.333227987361735,12.820055530426224,0.66,-0.57,-0.272
2005-12-01,2.885965803037171,16.880257874969857,40.101717525223705,12.353256875349842,2.611778278254532,-2.76,-0.84,-0.3
2006-01-01,4.119158727847019,18.586061742501194,38.87709327008853,8.690220566726612,0.3318611150698302,0.56,-0.85,-0.135
2006-02-01,2.1590375568352314,18.631053636735484,53.23741136254389,5.097859520605282,0.17285139490462617,-1.85,-0.77,-0.305
2006-03-01,5.029749756868111,14.723707034091092,28.72959871032819,5.6118843910006255,0.8801604800029024,1.66,-0.57,-0.226
2006-04-01,3.8924808918855476,11.684040527360361,47.73881262070074,9.506886289560175,4.705396198166347,-0.69,-0.37,-0.015
2006-05-01,3.440277237445627,7.316489087873674,29.547329228930472,10.283810634899197,5.6035932009091605,2.28,-0.14,-0.207
2006-06-01,3.8627306768060303,5.060491423611072,83.80999246992415,26.582938227523734,26.73632848005564,2.05,-0.03,-0.059
2006-07-01,4.429423488128629,4.6094451557405725,107.31606118588388,34.29992193908351,23.13682075056894,1.61,0.1,0.04
2006-08-01,3.873084022096987,4.89946831522437,53.19110083756764,16.466690915758406,27.40005384078446,-2.64,0.3,0.229
2006-09-01,4.16422442384565,8.306481873266788,29.835242460820165,18.196994672511185,19.90563780166596,-0.26,0.54,0.428
2006-10-01,4.755694822414068,11.147144149472776,56.42659214699552,24.673086705236905,20.839107428067802,1.79,0.77,0.577
2006-11-01,4.795241219287141,14.385698389378584,20.702242833982424,19.27537465642091,11.718315165114264,0.14,0.94,0.501
2006-12-01,6.516115853731294,17.051257993761393,39.29731606672784,14.011836890734717,4.109278420632501,1.34,0.94,0.172
2007-01-01,3.7351692086035007,19.257878916816463,24.63150676489853,6.693556611276727,0.1531024763641295,0.03,0.66,0.224
2007-02-01,4.046140032512273,17.42126682793994,20.844953661185198,3.7309636892510984,1.7039457886463323,2.36,0.22,0.15
2007-03-01,3.1893257708202816,15.045283604649446,35.72544913146061,3.3740096717210046,0.21869410557560132,-0.77,-0.12,0.116
2007-04-01,4.729957296713042,11.531775975030019,34.9558806392907,6.492039942927043,7.343434737282419,-0.33,-0.32,0.1
2007-05-01,3.5619163270062595,5.689536665002704,24.755183153343406,5.741293257081956,4.901062166468305,-1.02,-0.38,0.27
2007-06-01,5.914399284621419,4.088293432766492,39.15492500734102,5.730970872086454,6.031405340103241,-0.65,-0.47,0.03
2007-07-01,5.221123093029328,2.772597394434938,45.19543344707937,9.681176395834852,12.659682285770105,-2.67,-0.56,0.045
2007-08-01,3.897337932517572,3.532954690825914,30.90393661161202,5.846381605608808,5.52755380348269,-0.28,-0.81,0.236
2007-09-01,2.46773657663618,8.1613641790121,65.92443903598497,10.914390264854598,23.30550801589024,-1.88,-1.07,0.235
2007-10-01,5.47147670284658,11.563516161868888,38.58597263872186,24.576749201557952,28.57589001648595,-0.86,-1.34,0.068
2007-11-01,4.542030769351865,13.704108326098847,23.537418621765436,18.90167170616481,13.305432683138577,0.03,-1.5,-0.023
2007-12-01,4.90263855176681,17.933855234115654,15.441175279605211,9.319597837123514,2.996581451620518,2.8,-1.6,-0.227
2008-01-01,3.355776084757236,19.737374007804217,36.26769893763254,4.7444695270358,0.6252344098479299,2.56,-1.64,0.115
2008-02-01,2.8988563080341487,20.628479372778575,22.25233152825135,2.4984528975549525,0.00577562403285768,1.09,-1.52,-0.072
2008-03-01,2.5547349654681635,16.705538560773835,13.730842807003203,1.9776609015425874,0.011545408696146784,0.63,-1.29,0.097
2008-04-01,5.0292898505080155,10.907231470685131,37.2167714386191,4.933191827694834,7.565192757462773,-0.81,-1.01,-0.153
2008-05-01,3.336759541383416,6.703116093628787,95.1308077528606,17.829442680846576,20.197560947502687,-0.66,-0.84,0.178
2008-06-01,4.406861951358999,4.321563214664509,47.07505755524544,16.350764612415777,21.544569707408957,3.0,-0.61,0.215
2008-07-01,4.074824999473281,4.804408006693417,53.3757230634976,25.357840349487997,21.619089295348818,0.23,-0.37,0.246
2008-08-01,5.028093122996607,4.981690778533019,71.8660011315939,19.60513319126119,19.934304178863854,0.6,-0.23,0.124
2008-09-01,2.3657323548628746,8.612876673919954,23.47574541071195,18.28958570879902,21.869914313234734,0.46,-0.24,0.086
2008-10-01,4.767135116131143,12.236098585086621,18.16122654600658,20.002540923796904,16.004855026251494,2.21,-0.35,0.029
2008-11-01,4.764757586875835,16.83985885694932,32.25937421479984,14.704166359586644,7.818545065607116,1.03,-0.55,-0.128
2008-12-01,3.044438983473553,19.280117518890275,24.89701522174315,5.738932783597731,0.8995342545282486,1.01,-0.73,-0.053
2009-01-01,4.2301928633353505,20.495595651291538,13.926745882848795,3.168031305576694,0.18235351614995166,2.02,-0.85,0.031
2009-02-01,4.942402007639405,19.085906069269885,24.685894335516835,2.8206258587579125,0.5570477078534226,0.94,-0.79,0.163
2009-03-01,3.807487513674527,17.058320455412996,20.11185838528269,2.548925604580447,0.20553078091785848,0.5,-0.61,0.1
2009-04-01,4.405360114095972,12.942713171197415,25.581649079416792,5.874124459336465,4.210908222637515,-0.43,-0.33,0.126
2009-05-01,5.25615131505592,8.176443161679671,76.22937904638562,22.27059522662799,18.04889648590378,-0.14,0.01,0.256
2009-06-01,4.188170262935089,5.046399400603157,38.739016668295555,12.35949143643971,10.520316675661803,0.54,0.28,0.1
2009-07-01,4.31123682870528,4.100912808989361,37.474534737136196,13.739663023228504,11.29219284230853,-0.13,0.45,-0.192
2009-08-01,5.299138662237167,6.770483610776562,74.49210524308907,23.825694473939926,32.840392409252146,-2.44,0.58,-0.104
2009-09-01,3.492363149813245,7.8370405021226395,26.469965600151763,19.190926989889793,15.287205725338508,-0.78,0.71,-0.103
2009-10-01,5.8167665697752495,10.622286583697202,46.42033367028535,25.226689515477055,26.66976130365794,1.47,1.01,-0.013
2009-11-01,6.6962455999131185,12.069123641794885,53.70744978644645,26.25003294501498,21.319627785284023,-1.2,1.36,-0.067
2009-12-01,4.347391479291493,16.40292673039037,42.28865539176279,22.91954078177976,13.416583546799542,1.09,1.56,0.16
2010-01-01,6.171641000625826,19.22347792187885,19.69165886517283,10.109518206966975,1.0940933446802683,-0.4,1.5,0.294
2010-02-01,3.7653182702173065,16.547729334482117,51.34137049009001,7.160789570625066,1.2380799276384764,-2.12,1.22,0.023
2010-03-01,2.8025016862877448,16.387935824112905,45.91063275862851,5.39709721553121,0.1080727120502073,0.04,0.84,0.458
2010-04-01,4.557732117593064,10.726386951533788,20.171035415899905,4.853987165496617,4.142116277723587,0.08,0.35,0.37
2010-05-01,3.852853638394693,7.818587556245443,31.787948794934543,7.381917618023586,7.954604583110434,1.51,-0.17,-0.03
2010-06-01,4.967661849351534,5.18456361239453,73.00478831683391,18.231714167339177,27.172780471553807,3.14,-0.66,-0.14
2010-07-01,4.18602224541568,3.0348516900605085,54.46278212778705,12.877823725750904,10.756350571059203,3.37,-1.05,-0.001
2010-08-01,4.641143781750705,4.638041977279522,40.50271149922946,10.670977356128864,13.573695478086725,1.24,-1.35,-0.062
2010-09-01,3.371465580945903,8.216336970313865,31.953019050508512,12.364380504326663,18.629539348991482,-0.33,-1.56,-0.268
2010-10-01,4.122892858326825,12.15324057194117,36.40855996680855,26.612585806972778,31.170803118705027,3.19,-1.64,-0.437
2010-11-01,3.574844796200608,14.549662674836847,32.343415084619984,21.17406273310103,11.596203366381696,3.88,-1.64,-0.495
2010-12-01,5.96571257102961,17.213587130929298,32.205380871997384,12.115205486711274,8.072697992525395,0.25,-1.54,-0.212
2011-01-01,4.214391723193148,19.30829842265294,56.19998158924272,8.18607709491774,0.10859497831428931,0.48,-1.31,0.192
2011-02-01,2.8080480034490476,18.849770337580207,27.980785334945686,4.1291348570886,0.15834159004246945,0.87,-1.04,0.242
2011-03-01,4.947777910442612,15.401502225885697,34.374423017322684,5.016676657426729,1.3472712736428771,-0.79,-0.8,0.367
2011-04-01,4.914142205049408,11.553487601433284,43.21751148483289,8.648556981060828,8.953475086164058,1.62,-0.62,0.154
2011-05-01,4.577781786731335,8.198484413414874,22.951329812187044,9.003397341830599,6.490503359027455,1.37,-0.46,-0.089
2011-06-01,4.451943799056828,5.061708595578701,41.77253160235007,15.685773365127863,12.250531809109008,0.72,-0.37,0.055
2011-07-01,4.485733209871688,4.210451163161542,42.84430173680001,12.22502086929925,15.068487735504167,-1.52,-0.43,0.223
2011-08-01,3.264106672723908,4.78982840095262,51.93048243655862,14.180121061353505,15.925419334869362,-0.73,-0.58,0.344
2011-09-01,4.705384641007531,9.359414502698218,35.1673709811662,17.492281796583352,25.97220474686643,-1.79,-0.79,0.202
2011-10-01,2.741067806571226,11.40237254228536,43.48050917944476,24.483838971164985,24.747652075885973,0.59,-0.96,0.356
2011-11-01,4.846200859697783,16.019913992981028,32.17402506215312,24.2401659278112,16.1325309984886,-1.41,-1.02,0.336
2011-12-01,2.860415639700684,19.65785086590168,10.810107717335438,8.367973113369656,1.7181658463091594,3.43,-0.92,-0.128
2012-01-01,3.272801263529698,21.137944975769933,45.80129165336083,5.295542520180175,0.2766706101850629,3.08,-0.72,0.046
2012-02-01,3.948156992515321,17.494521081429834,55.55153953335932,5.8669169968312795,0.11998822417449433,-1.53,-0.57,-0.078
2012-03-01,2.891816732549483,16.02469216277333,38.88058627046564,5.5745857986882905,0.054850414045172734,0.48,-0.46,0.026
2012-04-01,3.9281254311697213,10.701327289610305,16.990985512013676,3.7862023471129223,1.5881369505089327,2.18,-0.36,-0.271
2012-05-01,4.447985984794962,8.33150255150963,50.609651005548756,13.160115604238463,13.947822507348434,0.47,-0.17,-0.37
2012-06-01,5.612389265795681,4.29538756010085,72.14965420064982,23.797560491882155,21.3187059388336,1.46,0.06,0.001
2012-07-01,6.030995498454901,3.668831199407028,30.498179871395408,11.056469405075957,8.142504703237213,3.18,0.3,0.546
2012-08-01,3.2989220272662845,6.2099896898366165,41.33545457388072,9.778234499000733,15.715560056959124,1.34,0.41,0.652
2012-09-01,3.6971424195662577,9.438740802764114,23.748054308406733,16.347558477636365,21.83817012500998,0.09,0.41,0.453
2012-10-01,4.102306185167763,11.79222529911773,39.2327639237474,21.14307138244979,19.599771787709617,0.83,0.31,0.11
2012-11-01,3.9635793376748167,15.998300864334265,27.997278951399135,20.007822393808322,13.985549478345268,-0.84,0.13,-0.1
2012-12-01,6.206012157291355,15.9019477837332,66.67363403844054,19.44728792572644,6.117157601518704,-0.9,-0.1,0.268
2013-01-01,2.578376679694616,20.942223846867346,21.424378917021443,7.468585431468708,0.5570896057308662,0.71,-0.29,-0.065
2013-02-01,3.0966338828925233,18.61946477787005,40.35091899783049,4.458019628671564,0.0330167247479445,2.84,-0.29,0.189
2013-03-01,2.2723963666315474,14.005456932280335,38.02687984729911,3.5964929855013814,0.4063443103944815,2.31,-0.21,0.083
2013-04-01,3.088643709114348,13.279040114727488,29.606039998072458,3.7177008897754256,2.0854883796456694,-0.07,-0.19,-0.297
2013-05-01,5.687745989413121,8.452447734052726,49.797141146777726,12.825598263859888,7.752213355780603,0.88,-0.27,-0.506
2013-06-01,6.635332836824874,6.411469234732035,46.629212924586454,21.13701503760958,18.813499371551003,0.23,-0.34,-0.497
2013-07-01,4.204188486478607,4.077147410861215,54.80233754969654,19.15217828705545,20.730527433237445,1.17,-0.35,-0.18
2013-08-01,5.2657099081846965,5.055613738514987,64.16962878680795,15.246398280285183,23.49137495662238,-3.25,-0.28,-0.194
2013-09-01,2.1981688664648287,6.649898391899148,61.915438091083125,29.95416552048558,28.180253497421443,-2.72,-0.21,-0.31
2013-10-01,3.7739618671093984,12.521634151744582,29.566825843216,21.806366442712125,27.431752791184255,-1.39,-0.13,-0.168
2013-11-01,4.611814415948216,15.317746866957387,23.052478557771906,17.477252009999955,9.004894159398967,1.07,-0.1,0.199
2013-12-01,5.096863948015864,19.633042576754505,12.111762915267306,6.428752399315607,0.4989943212192388,0.77,-0.15,0.141
2014-01-01,5.4751510705790825,19.183440783131562,23.243107987294408,4.858462303290968,1.0590890164184696,-0.13,-0.28,-0.101
2014-02-01,3.2662554895457125,17.56548202045551,19.07409168203666,3.4811036427826894,0.23246426792593405,0.36,-0.32,-0.089
2014-03-01,4.166286839601068,14.850068610386792,33.10392089654118,3.672991679411499,2.217942420295472,1.34,-0.14,-0.151
2014-04-01,2.761993833514857,10.1928037668444,118.36949041245167,18.31883766618291,7.487013075471781,1.18,0.15,-0.058
2014-05-01,4.008205205684822,7.589328536164517,63.26404083538659,15.495740097038146,14.478817963464328,-1.62,0.31,-0.092
2014-06-01,4.966456134268735,4.95735216144787,57.42244526853393,16.880015956191194,18.626965228807833,-0.21,0.23,-0.028
2014-07-01,3.7756674193277506,4.49495709562823,57.495756752819986,16.57557439741758,21.65734405398787,0.68,0.1,-0.363
2014-08-01,4.158891919626505,7.345610200549273,63.55482452109885,27.925570979805073,26.70254669075019,1.97,0.11,-0.372
2014-09-01,4.3066068630175165,8.53790787416353,64.69144502391062,24.525874293642325,21.968777490554192,-1.62,0.28,-0.145
2014-10-01,3.9680569389737963,11.747552107342324,53.68458840505629,29.04648250597149,23.764689987792444,1.32,0.54,0.141
2014-11-01,5.340997002101552,14.337991786995747,28.762652088759538,19.342556760735583,17.056326781741138,0.35,0.71,0.01
2014-12-01,5.244328700379778,17.672093340569635,24.621808865105354,9.574247349026857,2.4068384052873957,2.45,0.77,0.046
2015-01-01,3.7123780593553746,19.385172829744302,14.788455955319343,4.7916187834964905,0.3191130792886444,1.35,0.69,-0.1
2015-02-01,2.8466859283055053,18.68898610253938,31.84662391768974,2.7493782370167033,0.017263184182473825,4.92,0.61,-0.345
2015-03-01,3.7286663161586118,16.827663441943542,15.930350804750018,2.3387063944305897,0.10127598622459046,0.88,0.65,-0.241
2015-04-01,3.088676786483776,12.242378960174495,46.20029250820153,3.446084878918597,1.0773722129264085,2.03,0.81,-0.008
2015-05-01,5.106873765652842,8.996056793013008,51.40055681762716,11.165029887728501,7.161903277600999,0.41,1.02,0.24
2015-06-01,6.505195511088249,5.798186037614116,62.01648205067541,27.929354504192776,20.13050309040007,2.41,1.25,0.296
2015-07-01,5.762168546769107,5.205724713779732,60.5909738409442,18.34521411800005,21.682251905002712,2.0,1.57,0.225
2015-08-01,4.090488892143667,6.525237361693424,70.02688940501004,25.138128038466252,25.136704922795733,1.86,1.91,0.567
2015-09-01,3.7872983042367814,7.07339323931865,36.86382192465421,18.44795200022184,15.197824942038245,1.91,2.21,0.294
2015-10-01,2.0604838245799,9.357093493191988,36.189968066895844,19.95821629564806,19.549224033658103,-0.66,2.47,0.483
2015-11-01,4.182251431467798,15.524329023228733,22.07864947951594,23.716361519088952,18.065703362553535,1.46,2.64,0.347
2015-12-01,4.49007436403319,17.618244128080857,29.0134303536819,8.916859813047594,1.7182505693674455,0.72,2.75,0.272
2016-01-01,2.616959858727137,19.781912229996333,41.24211883035434,4.339492354379312,0.00021786135619912637,3.13,2.63,0.266
2016-02-01,3.9797107318709948,18.386999053860997,38.99052864960798,2.770908119821333,0.013107099504590885,1.35,2.28,-0.11
2016-03-01,3.0528371250191926,16.845379174296674,14.830798101424818,1.741692881251712,0.03930862662469255,4.36,1.71,-0.009
2016-04-01,2.743136662146077,9.756327996065098,38.70780202964854,3.542592343205234,3.1525154504080626,1.06,1.05,0.146
2016-05-01,1.9424043807448603,6.682298054361979,47.82297772822085,2.611464113733529,2.8812722283275227,-0.92,0.49,-0.113
2016-06-01,3.2621853305996904,4.394896971608787,23.482154252414148,2.3505395295479987,4.881449689904584,3.66,0.0,-0.443
2016-07-01,2.470016488314631,3.821821038818542,55.86221431891286,6.987705312033028,14.135634335256347,0.81,-0.31,-0.758
2016-08-01,5.042049430490223,6.724823621980551,56.67647255641618,16.441905772547177,26.64331754624834,-1.28,-0.5,-0.444
2016-09-01,1.9553700738591122,8.624240558710644,27.95636848571603,15.560361743535735,16.616753496583986,2.46,-0.58,-0.437
2016-10-01,2.8847797371462227,11.615796368464725,75.81722633720938,17.802010281225808,12.859862131586128,-0.89,-0.64,-0.372
2016-11-01,4.756143007332296,15.833654973753747,34.099497844059954,12.219124066729055,5.438146318411484,-3.12,-0.6,-0.382
2016-12-01,5.6816653429034565,18.48049828543446,27.654756006940936,6.386610870383057,0.33503722303169986,-1.52,-0.45,-0.31
2017-01-01,5.8537088146948335,19.199640130531662,23.15158185196284,5.981770694649574,0.5979673653291941,-1.12,-0.19,-0.086
2017-02-01,3.3723221927178915,19.820379526725805,36.56898453729445,4.78038992228263,0.5233853512339719,-1.09,-0.02,0.101
2017-03-01,2.688381869699057,15.593381458084208,75.19411397755762,6.0119071152917245,0.5605220271178974,-1.56,0.18,0.357
2017-04-01,3.597449995669406,11.05692153181779,73.64904342567846,8.880030583476128,6.530851307301118,1.65,0.31,0.499
2017-05-01,3.997933712644213,7.898290625796823,41.23462448725567,12.972773987045564,4.6499227033921855,1.82,0.4,0.536
2017-06-01,4.978671769095953,4.415452429119741,85.1784345612145,16.299610090064053,28.217603748285647,1.98,0.39,0.424
2017-07-01,5.180209506760261,4.716787549402597,43.11008074719437,13.160846848842626,23.397816860383237,0.16,0.19,0.52
2017-08-01,5.407327998226508,6.401067076287267,71.90796710422583,14.288437815001547,15.345425057961727,0.31,-0.07,0.349
2017-09-01,4.683330756799049,8.799393002086871,26.77063541511912,14.78663541293813,19.65990120055784,0.42,-0.34,0.034
2017-10-01,5.9329932184039995,11.249337849710807,45.98048513090971,29.314114838897773,30.561527870319136,-0.64,-0.6,0.016
2017-11-01,4.057132202882359,14.272873726836144,35.97236855532239,31.257084956654534,24.225348170905598,3.18,-0.77,0.289
2017-12-01,5.025509188243021,17.96549823790193,30.00731376272969,12.761387802502759,2.2450754217099598,1.44,-0.86,0.109
2018-01-01,4.648061051317157,19.857726784337846,18.382985159938034,6.87335379644624,0.24374137913802332,2.72,-0.77,-0.2
2018-02-01,3.6547884754960833,20.110271436274978,15.98670320537687,3.013501716975976,0.10460807709582513,1.02,-0.71,0.215
2018-03-01,4.893241853080492,15.038393837884989,38.62522819291004,5.500099372172668,1.35888218483558,-0.03,-0.57,-0.12
2018-04-01,4.806559235479541,12.051015982854944,41.37579602474099,10.892489598234917,5.433779355306232,-1.66,-0.39,-0.083
2018-05-01,3.378059907921549,7.946087593448873,48.478685797183935,11.516351627442402,7.337488346502835,0.01,-0.13,0.122
2018-06-01,4.865801598759725,3.6239682468451635,61.765301984808936,15.389926682207244,20.061344720687565,-1.57,0.06,0.155
2018-07-01,2.3586327690066784,2.8907053006183077,51.865244833902466,15.76907105997277,16.345500190654175,0.55,0.14,0.053
2018-08-01,4.499361257004415,6.413103705994343,33.7392231023278,12.762182571931067,17.191815538865292,-0.78,0.27,0.122
2018-09-01,4.336905900078851,8.723603855282047,62.149950718364,20.638939916206176,24.957051511021728,1.83,0.53,0.604
2018-10-01,3.341561868165499,10.537981963407521,55.53035097000214,27.853886046111604,28.32119022875666,2.76,0.81,0.685
2018-11-01,4.303346523015927,14.470971435060074,56.42798354655868,32.942459531000594,19.31237568528333,2.84,0.97,0.5
2018-12-01,4.100595737193736,18.120279647226422,24.983162849149537,9.750944574507457,0.9379297950906851,1.44,0.92,0.309
2019-01-01,5.153577563413787,18.297914855945535,13.220841503336164,4.680813436685014,1.2233693379967738,2.79,0.89,0.387
2019-02-01,3.2602223661029823,18.74618301102608,8.54795737296274,2.3144249091764424,0.11524810899761455,-1.87,0.86,0.416
2019-03-01,2.942296632599074,15.231831386167517,35.44745190690964,3.1778172334318637,0.16526660049081793,1.47,0.84,0.224
2019-04-01,4.172260530205522,13.04509995459629,21.246966695573292,2.982784070049481,2.393623442150643,0.86,0.77,0.258
2019-05-01,3.797911590447904,8.190171152382199,49.1699950491778,8.439417973507151,4.523858525430139,-0.11,0.64,0.539
2019-06-01,4.7387317802315625,5.788933025807725,85.12514773484227,17.566085638299654,20.168535866532718,2.21,0.52,0.605
2019-07-01,4.933778162481522,4.664505491066045,60.018523368198096,15.205524266058077,17.521834245135917,-2.2,0.33,0.597
2019-08-01,3.9427784402449446,5.5639256321816415,42.00498992924175,14.554547986698928,17.306749765472134,-2.04,0.19,0.436
2019-09-01,3.94932919489618,7.75159224733307,27.43412927514789,13.554077490710808,18.203071955507312,0.81,0.23,0.893
2019-10-01,3.9615196689549332,10.82319081136498,29.297561756461402,21.930603394730575,23.82543834887752,-1.97,0.39,0.964
2019-11-01,5.337114657238261,15.037445774644048,39.284284580805,26.516017023275992,18.584530106336175,-4.42,0.58,0.835
2019-12-01,4.604122094166775,17.898151538185363,21.75698617852171,9.755964393720998,1.2255279435271222,-1.78,0.66,0.243
2020-01-01,4.786722454693695,19.649619478698547,22.618976320878254,5.380917080960793,1.5518928456927246,0.57,0.64,0.173
2020-02-01,3.1433126657429087,17.666207272564204,30.406243402923344,3.39559698361313,0.14887181683230338,-0.36,0.63,0.054
2020-03-01,3.3761906795596506,17.913470794788374,18.400223402064576,2.4975509113775587,0.06645553480243067,2.05,0.53,0.019
2020-04-01,3.1806636429368553,12.410703008949502,29.903121274282114,3.1181439917478455,0.838388428997534,-1.72,0.3,-0.011
2020-05-01,4.290884896077081,8.439601389946525,58.24213937579908,11.875943105956965,7.407202115511476,1.03,0.01,0.298
2020-06-01,4.358393849546108,4.604835329191973,73.94744228053563,13.065770748924834,14.570858018375409,1.18,-0.23,0.454
2020-07-01,2.8789668709694554,2.167293551523803,90.19924120707122,12.510543782055807,19.22449331562564,-0.97,-0.36,0.32
2020-08-01,5.334009321893374,5.736723661483203,34.941904229843786,9.17236831104236,15.38385878770162,-2.2,-0.53,-0.183
2020-09-01,4.9193975040684474,8.645389634242683,23.271706532426744,11.764614474295643,16.19666870135673,-0.25,-0.85,-0.19
2020-10-01,4.218591639617347,11.650794240229168,21.58013426259157,20.28239272787801,26.144612221431114,1.79,-1.12,0.074
2020-11-01,4.09051777319045,16.62627265237954,28.876703826413365,18.74627873348597,10.991427382492246,1.14,-1.2,0.02
2020-12-01,4.974623930584772,17.71236107622185,30.573152210919044,7.59444303173505,1.7825929167695596,2.28,-1.08,0.03
2021-01-01,3.619195205762619,18.801721600146493,31.095696494217773,4.869677352174374,0.6382373315987458,1.95,-0.91,0.051
2021-02-01,1.9299278505237185,19.529456150978717,9.981991455967329,2.1365776178657323,0.01637570062808091,2.19,-0.79,0.243
2021-03-01,2.337034916565123,16.444424328720654,23.621808048072143,2.1767514414557003,0.16275411182115185,-0.95,-0.71,0.266
2021-04-01,3.571731218737462,13.69020698828879,45.896478314804746,3.114597304950994,0.10492035494503504,0.87,-0.55,0.25
2021-05-01,3.745510617611955,7.893922207749707,50.03985349659198,7.920995369433467,6.041529645695887,0.75,-0.39,0.009
2021-06-01,4.289145741525525,4.705462464851227,44.55062107737768,17.524157021940002,13.245765919417261,1.88,-0.3,-0.002
2021-07-01,5.369270437282993,5.619132631644851,24.263693198084503,10.096840928858157,10.270615952555978,-1.06,-0.35,-0.228
2021-08-01,4.467428414933963,6.602769976626129,53.134610673976276,11.519085285938544,17.60615635659557,0.73,-0.45,-0.099
2021-09-01,3.7899555871762245,9.614489822964961,29.526392976903335,15.677014401079724,16.254992471089327,1.68,-0.63,-0.058
2021-10-01,4.5846818100517535,12.550648120169452,24.27135648238829,17.429179094701507,16.02703947430334,0.8,-0.76,-0.091
2021-11-01,3.651328469398554,15.626190676258934,39.06984210674985,11.0185784085988,4.523331587560409,2.69,-0.91,0.069
2021-12-01,2.9238927195581916,19.31812357380799,32.83783462529664,4.802461310976733,0.3167017929341604,2.74,-0.87,-0.12
2022-01-01,4.183728067447817,19.275900470549924,45.819447688641205,4.795547262008532,0.4151047839793101,2.19,-0.82,-0.056
2022-02-01,2.7310080502146445,18.037268887437932,48.28945436760029,3.1263090398463236,0.09787162849181513,1.92,-0.79,-0.083
2022-03-01,4.535125145153427,14.316075011861065,30.25578353431221,4.704965860545389,1.3775744019152139,1.28,-0.86,-0.093
2022-04-01,4.816722507650024,10.420857596485364,70.09630069846443,9.216218783743388,8.476130161463258,2.49,-0.95,-0.068
2022-05-01,3.7691494353260153,6.100322422715386,30.455441007791887,13.111636939289513,13.513296888206169,0.25,-0.9,-0.122
2022-06-01,4.176784338695533,3.528297225950477,48.10117438158598,14.033945670377092,15.789016723722531,-2.34,-0.78,-0.335
2022-07-01,3.864738509831678,3.2115682611376766,83.77626937031883,12.745809903716534,21.63909103766026,1.24,-0.76,-0.195
2022-08-01,4.507334909926617,5.687539227158025,41.832218938370836,11.27603039688086,20.08247301455292,0.66,-0.87,-0.246
2022-09-01,3.4424997408211238,8.681997203810543,45.405009711030914,15.726119521822714,33.03222152168067,2.25,-0.97,-0.322
2022-10-01,4.266780273340847,11.442261011967696,35.22642804262282,28.733235472261907,27.63213698814479,1.71,-0.94,-0.691
2022-11-01,3.340725670211025,17.551093490941717,32.34526069579659,17.05839975932353,6.400245116390968,3.71,-0.85,-0.269
2022-12-01,4.787473128761541,18.81966437924598,18.801333497637426,7.227344677788055,0.10846843924344027,2.94,-0.71,-0.092
2023-01-01,3.67614822961032,20.36251830426049,38.232821432174894,3.873524558429437,0.11521169798854562,4.56,-0.54,0.109
2023-02-01,4.163821733777543,18.9645425422592,9.836262321449254,2.1901838562327685,0.2979325058691844,0.45,-0.29,0.157
2023-03-01,4.02889422329763,16.131437203127824,33.332789255958204,3.2048684033480646,0.8569061132483154,0.15,-0.02,0.415
2023-04-01,3.2720452983026087,12.123011630948737,27.17018334466907,3.993987451193388,1.6704159210537102,-0.78,0.27,0.56
2023-05-01,4.675445783707207,8.77596777944797,30.63115077719596,5.342543127768027,7.605154811762394,1.8,0.57,0.443
2023-06-01,4.604201528084082,5.3143856536291745,74.3471578202853,24.11679113747308,26.345306270578188,-1.18,0.84,0.665
2023-07-01,3.811476218342732,3.929764023826979,62.32955616107508,20.460258317093842,25.676094390512027,-0.46,1.12,0.498
2023-08-01,5.151237194157841,5.694510794914814,66.46679071629522,25.438599363524467,22.23954911736703,1.44,1.37,0.825
2023-09-01,3.7731286962711694,6.783876941019161,65.97711629801186,23.422010085740276,20.89481861153937,-1.22,1.6,0.946
2023-10-01,3.9051673171475754,10.956898978165851,35.01835671411623,21.9012856448887,22.651926372222132,1.68,1.83,0.804
2023-11-01,6.059699508405591,13.694336898535553,36.939917414567056,27.738499777343865,27.862131548811067,0.52,1.99,0.92
2023-12-01,3.2751996442215705,17.266231762238768,36.83241490536622,15.860879787857328,5.804385008558866,2.28,2.06,0.851
2024-01-01,4.0861443224952945,21.009212044993163,12.826163430297715,4.928840113080508,0.00793132791247175,2.84,1.92,0.765
2024-02-01,3.3271183044853574,20.060347308446616,20.07004573189311,2.7682097850821954,0.052219678885338905,2.74,1.62,0.328
2024-03-01,4.925944491865876,15.115067798725578,29.03321306864304,4.332426336825263,1.9583609273861953,1.05,1.26,0.421
2024-04-01,4.788729464799204,10.290985065458692,60.677587604967684,6.669392170200564,6.207284736414257,1.48,0.82,0.44
2024-05-01,3.0148507795186457,4.304523014010792,35.8381442163537,6.99821407438648,10.722776751271217,1.7,0.49,0.297
2024-06-01,3.7760299683075687,4.661387812481588,84.91037248663054,23.54018149283219,27.632880042503707,1.47,0.22,0.197
2024-07-01,4.564814619769931,3.5002591605705993,20.94272209939422,10.436815270289435,9.507740065190838,0.56,0.08,0.033
2024-08-01,2.6471792262757807,5.572080567968008,39.98473317805149,10.590756213631416,14.49135935578182,-4.44,-0.07,0.267
2024-09-01,6.559107923446914,8.850739226583823,51.992349865472036,13.146858495066695,15.986127358808448,0.66,-0.17,0.115
2024-10-01,3.9408119598269344,13.687079372761378,16.897668976952207,28.209850087035512,30.278657016734584,-0.73,-0.21,-0.196
2024-11-01,4.920108192694919,14.863137257545834,41.928814941883005,18.45426817016328,7.723737173779592,3.37,-0.3,-0.383
2024-12-01,2.6688500929692407,17.192666829941082,35.90586105985678,6.949276179135352,2.0170637071848514,-1.54,-0.42,-0.331
2025-01-01,3.718950742516261,20.660282925590106,12.660939626099411,3.2343095455950133,0.13610600831476521,1.4,-0.45,-0.196
2025-02-01,4.036999378999641,18.565171912253295,17.30979902082737,2.2983029873950627,0.2522408811304432,0.31,-0.24,0.017
2025-03-01,3.26068258133413,15.53168266353849,46.746575369268236,4.037042037713776,0.7603934309556128,3.39,-0.06,0.059
2025-04-01,2.984966277336245,10.645214690517742,53.54059223625738,5.730584086508261,3.550211100802907,2.68,0.02,0.149
2025-05-01,5.00720584946992,7.776293680905673,42.61158475959569,13.162952676105693,11.982523844120392,0.89,-0.02,
2025-06-01,4.790645703070011,4.541909821963944,32.24725940121098,10.527754005739752,7.697473394377002,0.13,-0.04,
2025-07-01,3.7085821476460104,4.680097435926673,46.10118778006211,15.734288798809956,22.40012885956182,1.16,-0.14,
2025-08-01,2.931000563069829,6.99906353618166,37.16184215445951,21.33800810293833,19.299328593649136,1.52,-0.28,
2025-09-01,3.745167573179762,9.21836529516276,46.46351714260337,19.4568665070557,14.805734413029095,-1.11,-0.4,
2025-10-01,4.937347782542422,12.490928270836127,32.307213450725776,18.504794373701287,11.217063560907231,-2.98,-0.51,
2025-11-01,3.000656973594277,16.183331754487508,36.57752863979393,10.85969053293848,3.7142442853148316,-2.56,-0.55,
2025-12-01,6.542251726265745,18.57904595277647,15.317266152929573,5.635091590391181,0.5493908805261026,-0.64,-0.54,
